metier_onisep,code_rome,domaine,sous_domaine,url_onisep,texte,status
,K2104,"santé, social, sport/travail social",,https://www.onisep.fr/http/redirection/metier/slug/MET.7829,"Voir le fil d’Ariane
Accueil
Métier
Accompagnant/e d'élèves en situation de handicap
Accompagnant / Accompagnante
d'élèves en situation de handicap
Au quotidien, l'accompagnante ou l'accompagnant d'élèves en situation de handicap facilite leur accès aux activités dans les écoles, collèges et lycées. Il ou elle apporte son aide aux enfants ou adolescents concernés pour les apprentissages scolaires comme pour la vie sociale.
Sommaire
Le métier
Les études
Emploi et secteur
Pour aller plus loin
Niveau minimum d'accès :
CAP ou équivalent
Statut :
Statut salarié
Secteurs professionnels :
Enseignement, Fonction publique
Centres d'intérêt :
J'ai le sens du contact, Je veux être utile aux autres, Je veux m'occuper d'enfants
© Alain Potignon/Onisep
Le métier
De l'école maternelle à la terminale, l'accompagnant ou l'accompagnante d'élèves en situation de handicap (AESH) permet à des enfants ou à des adolescents de suivre leur scolarité dans de bonnes conditions. Tout en favorisant leur autonomie. Au quotidien, il ou elle apporte une assistance pratique à un ou plusieurs élèves. L'AESH intervient dans la classe sous l'autorité des professeurs et sans se substituer à eux. Il aide les élèves dont il s'occupe à prendre des notes, à manipuler des matériels ou encore à communiquer avec leurs camarades. Il ou elle peut les accompagner dans leurs déplacements au sein de l'établissement, pour se rendre aux toilettes ou à la cantine, par exemple. Adaptée aux besoins particuliers et aux difficultés de chacun d'eux, cette assistance concerne diverses activités : éducatives, artistiques, culturelles, sportives ou professionnelles. Elle intègre également l'aide aux repas, l'accompagnement des sorties et voyages scolaires, et la participation aux réunions parents-professeurs. Les AESH, recrutés sous contrat par l'Éducation nationale, exercent dans les écoles élémentaires, dans les collèges ou dans les lycées. La patience, l'empathie, la capacité à travailler en équipe et auprès de jeunes de tous âges sont des qualités indispensables pour assurer ces missions.
Les études
Après la 3e
Un an au minimum pour préparer un diplôme du secteur de l’aide à la personne : le DEAES (diplôme d'État accompagnant éducatif et social), par exemple, est accessible aux personnes majeures au moment des épreuves finales.
Après son recrutement, l’AESH doit suivre une formation d’adaptation à l’emploi de 60 heures, qu’il peut ensuite approfondir dans le cadre de la formation continue.
CAP ou équivalent
Diplôme d'État d'accompagnant éducatif et social
Emploi et secteur
Secteur
Enseignement
Partager la page
Imprimer
Mail
LinkedIn
X
Facebook
Télécharger la page
Accompagnant / Accompagnante d'élèves en situation de handicap
Pour aller plus loin
Librairie
Parcours
Travailler auprès des enfants
Paru le 04/11/2023
Broché •
12,00 €
PDF •
8,00 €
Centres d'intérêt
J'ai le sens du contact
Je veux être utile aux autres
Je veux m'occuper d'enfants
Autres métiers à découvrir
Assistant d'éducation
Accompagnant éducatif et social
Enseignant spécialisé
Inspecteur de l'action sanitaire et sociale
Ingénieur social
À lire aussi
Quiz
Quiz : Quels métiers selon mes goûts ?
Article
10 métiers à la Une
Article
Découvrir le monde professionnel
Site web
Les métiers animés",ok
,G1201,"lettres, langues, enseignement/langues| hôtellerie-restauration, tourisme/tourisme",,https://www.onisep.fr/http/redirection/metier/slug/MET.41,"Voir le fil d’Ariane
Accueil
Métier
Accompagnateur/trice de voyages
Accompagnateur / Accompagnatrice
de voyages
L'accompagnateur de voyages est l'un des rares professionnels du tourisme qui voit du pays. Il accompagne les touristes lors d'un circuit ou d'une excursion, en France ou à l'étranger, en leur garantissant un séjour confortable, plaisant et sans risques.
Sommaire
Le métier
Compétences requises
Où l'exercer ?
Les études
Emploi et secteur
Salaire du débutant
Pour aller plus loin
Niveau minimum d'accès :
bac + 2
Statuts :
Indépendant, Saisonnier
Synonymes :
Guide-accompagnateur / guide-accompagnatrice touristique
Secteur professionnel :
Tourisme
Centres d'intérêt :
J'aime bouger, J'aime les langues, J'aime organiser, gérer
© Anouchka/iStock.com
Le métier
Préparer le voyage
Une semaine en Hongrie ou à Malte, une journée sur la route des vins de Bordeaux... Ce professionnel accompagne des groupes lors d'excursions ou de circuits touristiques. Chargé surtout des questions pratiques, il veille sur le bien-être et le confort des personnes, en s'adaptant à leurs attentes. Avant le départ, il étudie le programme des visites et les prestations avec l'agence qui organise le séjour. Il se documente sur la destination pour pouvoir répondre aux questions des touristes qu'il encadre.
Vérifier et anticiper
Dès le départ ou une fois arrivé sur place, l'accompagnateur de voyages facilite les formalités et veille au transfert des touristes jusqu'à l'hôtel. Durant le séjour, en tandem avec le guide local, il vérifie que le programme et l'horaire soient respectés (visites, restaurants, prestations des conférenciers. Jamais pris au dépourvu, il a toujours un temps d'avance sur le planning afin d'éviter les mauvaises surprises.
Gérer et fidéliser
L'accompagnateur est le référent de l'organisme de voyage, il a à coeur de contenter les clients pour les fidéliser. Il gère en direct tous les problèmes : maladie d'un participant, retard, annulation d'une prestation, mauvaise météo, etc. Disponible et rassurant, ses larges connaissances lui permettent de contenter même les plus curieux.
Compétences requises
Réactif et disponible
L'encadrement d'un groupe nécessite de posséder le sens des responsabilités et de l'organisation. Une grande réactivité est également indispensable face aux imprévus : une personne malade à rapatrier en urgence, une tempête qui empêche de suivre le programme, une grève de transport... Autant dire que l'accompagnateur de voyages doit faire preuve de sang-froid et se montrer débrouillard pour s'adapter à sa nouvelle situation sans que le groupe en pâtisse. Sociable, psychologue et très disponible, il fait preuve de qualités d'animation.
Pédagogue et cultivé
L'accompagnateur de voyages partage ses connaissances sur les endroits traversés : us et coutumes, sites pittoresques, gastronomie et artisanat local, etc. Il donne également des conseils pratiques et des bons plans à ses clients : adresses de shopping, horaires des magasins et des musées, lieux à éviter... Enfin, ce professionnel doit maîtriser au moins l'anglais et si possible une autre langue étrangère. Ses connaissances en histoire, histoire de l'art, géographie, etc. constituent des plus indéniables.
Où l'exercer ?
Souvent indépendant
Rares sont les salariés dans ce métier : la plupart travaillent en tant qu'indépendants pour le compte d'agences de voyages, d'offices du tourisme, de sociétés d'autocar, de villages-vacances, etc. Beaucoup choisissent le statut d'auto-entrepreneur. Ils doivent démarcher les structures touristiques pour multiplier les opportunités de travail qui sont souvent à la journée ou à la semaine.
Des hauts et des bas
L'accompagnateur de voyages est, par définition, rarement sédentaire. Très sollicité en été, il peut enchaîner les voyages sans jours de repos. Mais il doit aussi gérer des périodes creuses, parfois en prenant un autre emploi. Pour gagner sa vie, il a intérêt à se diversifier : circuits touristiques, voyages professionnels ou scolaires, excursions culturelles à la journée.
Toujours prêt !
Lorsqu'il est avec un groupe, l'accompagnateur doit être très disponible. Premier lever, dernier coucher pour régler tous les problèmes et préparer la journée du lendemain. Il doit néanmoins être dynamique et plein d'entrain pour maintenir l'intérêt des clients. Généralement seul avec son groupe, il peut être accompagné d'un guide local et d'un chauffeur de car. Il est aussi en relation avec les prestataires de terrain (hôteliers, restaurateurs, etc.) et son employeur.
Les études
Après le bac
2 ans pour préparer le BTS tourisme. Utile, ce diplôme n'est pas obligatoire pour exercer. 1 an de plus pour préparer une licence professionnelle guide conférencier ou dans le domaine du tourisme.
bac + 2
BTS tourisme
bac + 3
Licence pro mention guide conférencier
Licence pro mention métiers du tourisme : communication et valorisation des territoires
Emploi et secteur
Expérience demandée
Les employeurs ont du mal à confier un groupe à un débutant. Les stages, une expérience dans l'animation, etc. sont donc à mettre en avant lors du démarchage des employeurs potentiels, tout comme les voyages à l'étranger effectués et la maîtrise de langues étrangères. Le bouche à oreille, surtout auprès des agences de voyages, est ensuite le meilleur moyen pour se faire connaître. Un voyage qui s'est bien passé avec un groupe qui le dit sur les réseaux sociaux constitue une bonne publicité !
Gagner ses galons
Les stages en tourisme, même en sédentaire, représentent également un moyen de mettre le pied à l'étrier. En général, un débutant sera testé en se greffant sur un voyage aux côtés d'un accompagnateur professionnel. Après quelques années, il peut espérer gagner sa vie. Mais, bien souvent, il sera obligé d'exercer un second métier en période creuse, en tant que chauffeur de car de tourisme ou guide-interprète, par exemple.
Peu d'évolutions
Avec l'expérience, l'accompagnateur se voit confier de plus en plus de groupes, sur des périodes plus longues, etc. Il peut aussi envisager de se former pour devenir guide-conférencier et obtenir la carte professionnelle, ou choisir de se sédentariser en intégrant un office du tourisme ou une agence de voyage, par exemple.
Secteur
Tourisme
Salaire du débutant
Entre 80 et 90 euros brut le forfait journalier, incluant le déjeuner. À l'étranger, l'hébergement est également pris en charge.
Partager la page
Imprimer
Mail
LinkedIn
X
Facebook
Télécharger la page
Accompagnateur / Accompagnatrice de voyages
Pour aller plus loin
Sur le web
Informations sur le secteur, actualités, etc
Librairie
Parcours
Tourisme
Paru le 26/05/2023
Broché •
12,00 €
PDF •
8,00 €
Centres d'intérêt
J'aime bouger
J'aime les langues
J'aime organiser, gérer
Autres métiers à découvrir
Conseiller en séjour
Gardien de refuge de montagne
Directeur d'agences de voyages
Animateur de tourisme
Guide-conférencier
À lire aussi
Témoignage
Ma 1ʳᵉ année en BTS tourisme
Quiz
Quiz : Quels métiers selon mes goûts ?
Article
10 métiers à la Une
Article
Découvrir le monde professionnel",ok
,M1101,"commerce, marketing, vente/achat, approvisionnement| commerce, marketing, vente/grande distribution et petits commerces",,https://www.onisep.fr/http/redirection/metier/slug/MET.571,"Voir le fil d’Ariane
Accueil
Métier
Acheteur/euse
Acheteur / Acheteuse
Son rôle : acheter les produits et services dont son entreprise a besoin, en négociant les meilleures conditions de prix, de délais et de service après-vente. Une fonction de plus en plus stratégique dans le contexte économique actuel.
Sommaire
Le métier
Compétences requises
Où l'exercer ?
Les études
Emploi et secteur
Salaire du débutant
Pour aller plus loin
Niveau minimum d'accès :
bac + 3
Salaire débutant :
2083 €
Statut :
Statut salarié
Synonymes :
Acheteur-approvisionneur / acheteuse-approvisionneuse, Ingénieur / ingénieure achat
Métiers Associés :
Acheteur/euse (distribution), Acheteur/euse (mode)
Secteur professionnel :
Commerce et distribution
Centres d'intérêt :
J'ai le sens du contact, J'aime jongler avec les chiffres, Je veux travailler dans le commerce
© Mehrak/Onisep
Le métier
Sélectionner les fournisseurs
Acheter, cela semble simple ! Pourtant, la mission de l'acheteur ne se limite pas au choix des produits. Il doit d'abord rechercher et sélectionner les fournisseurs pour obtenir le meilleur rapport qualité/prix et ainsi réduire le plus possible les coûts et les stocks, et augmenter le chiffre d'affaires de son service ou de son entreprise.
Négocier
Qualité, prix, quantités disponibles, délais de livraison... : l'acheteur est à l'affut de tous les éléments. Puis il essaie d'obtenir les conditions d'achat les plus avantageuses possibles. Il ne recherche pas le moins cher à tout prix car, en acculant un fournisseur, il risque de le rendre défaillant et de mettre ainsi son entreprise en péril par souci d'approvisionnement. Il doit convaincre son fournisseur de l''intérêt de l'avoir comme client.
Stratégique
La politique d'achat est l'un des ressorts du développement des entreprises. Des achats maîtrisés leur donnent plus de marge de manoeuvre pour investir. C'est vrai dans tous les secteurs d'activité comme l'industrie ou les services, sans oublier le commerce où le business model est basé sur la marge réalisée entre les achats et la revente. Une fois le contrat signé, l'acheteur doit suivre le fournisseur pour pallier toute défaillance.
En vidéo
Afficher la transcription sur OnisepTV
Acheteur vendeur sur le carreau en fruits et légumes
Responsable de rayon
Compétences requises
Entre intuition et rigueur
Une réelle curiosité est indispensable à l'acheteur pour bien connaître les produits, leurs caractéristiques, les composants, leurs évolutions techniques, et trouver de nouveaux fournisseurs. Rigueur et méthode lui permettent de se constituer une documentation importante, qu'il doit mettre constamment à jour. Il surfe quotidiennement sur Internet pour anticiper l'évolution du marché et s'informer sur les nouvelles tendances.
Stressés, s'abstenir !
L'acheteur doit savoir argumenter et convaincre. L'esprit d'initiative et un excellent relationnel sont ses deux points forts, de même qu'une personnalité affirmée, le sens de l'écoute et du dialogue. Résistant et motivé, celui qui choisit ce métier doit savoir gérer le stress mieux que personne !
Double compétence appréciée
Dans l'industrie, une double compétence technique et commerciale devient une nécessité. Et, à l'heure de l'ouverture internationale, la pratique de l'anglais, voire d'une seconde langue étrangère, se révèle indispensable.
Où l'exercer ?
Des interlocuteurs divers
Pour écrire le cahier des charges, l'acheteur dialogue avec un "" client interne "" : souvent l'opérationnel qui exprime un besoin. Il est donc amené à rencontrer des personnes de tous les services et des fournisseurs dans tous les domaines : machines-outils, avocats, voyagistes, etc.
Une certaine mobilité exigée
Il est également amené à se déplacer pour rencontrer divers interlocuteurs et participer à des présentations de produits et à des salons (alimentaires, viticoles, etc.). Son métier l'amène à effectuer de nombreux voyages, parfois imprévus, dans une zone géographique plus ou moins étendue, et éventuellement à l'international, s'il traite avec des fournisseurs étrangers.
Des responsabilités étendues
Les responsabilités de l'acheteur n'ont cessé de s'étendre. Lorsqu'il conclut un contrat de plusieurs centaines de milliers d'euros, il engage financièrement son entreprise. Par ailleurs, lors de la négociation des contrats annuels de distribution (en début d'année, pendant les périodes de pointe de production dans l'industrie), l'acheteur est soumis à une forte pression.
Les études
Après le bac
3 ans pour obtenir une licence professionnelle (1 an après un bac + 2) ou un diplôme d'école de commerce ; 5 ans pour un master, un diplôme d'école supérieure de commerce ou un diplôme d'ingénieur, éventuellement complété par un mastère spécialisé en achat (1 an). La tendance est au recrutement de jeunes de plus en plus qualifiés. Autre possibilité : 2 ans pour préparer un BTS commerce international ou un BTS technico-commercial, complété par quelques années d'expérience professionnelle.
bac + 3
Licence mention langues étrangères appliquées
Licence pro mention commerce et distribution
Licence pro mention coopération et développement international
Licence pro mention gestion des achats et des approvisionnements
bac + 5
Diplôme d'études supérieures en management (Programme Grande École)
Diplôme d'ingénieur de l'École Centrale de Lille de Centrale Lille Institut
Diplôme d'ingénieur de l'École centrale de Lyon
Diplôme du programme grande école de Kedge BS
Diplôme du programme grande école de PSB
Diplôme en management et gestion opérationnelle d'entreprise
Master mention gestion de production, logistique, achats
Master mention marketing, vente
bac + 6
Mastère spé. gestion des achats internationaux et Supply Chain
Emploi et secteur
Plusieurs secteurs possibles
L'acheteur peut travailler dans l'industrie, la distribution, les services, mais aussi de plus en plus dans le secteur public. Dans la distribution, il est salarié d'une centrale d'achats (la structure qui achète aux fabricants des produits pour différentes enseignes comme Auchan ou Carrefour) ou d'un magasin, pour les enseignes qui leur laissent encore une certaine liberté. Dans l'industrie, son poste est rattaché au service des achats.
Des places rares et chères
Si la fonction prend de l'importance, le nombre d'acheteurs reste limité en France. Cette fonction est l'apanage des grands groupes. On peut également en trouver dans les PME (petites et moyennes entreprises) de plus de 200 salariés. Mais cette rationalisation des coûts est surtout pratiquée dans l'industrie : 1 emploi sur 2 y est proposé.
Des postes évolutifs
Les jeunes diplômés débutent généralement au poste d'assistant acheteur. Dans les grandes entreprises, ils peuvent obtenir le statut cadre dès leur embauche. Ensuite, avec de l'expérience, ils peuvent évoluer vers un poste de responsable, de directeur des achats ou du service approvisionnements ou, dans la distribution, vers le poste de chef de groupe.
Secteur
Ce métier peut être exercé dans tous les secteurs d’activité : agriculture ; BTP ; commerce et services ; énergie ; industrie.
Commerce et distribution
Salaire du débutant *
Entre 2083 et 2830 euros brut par mois, en fonction de la taille et du secteur de l'entreprise.
* variable en fonction du lieu d'exercice, du statut.
Partager la page
Imprimer
Mail
LinkedIn
X
Facebook
Télécharger la page
Acheteur / Acheteuse
Pour aller plus loin
Sur le web
Association nationale des acheteurs publics
Librairie
Parcours
Les métiers du commerce, du marketing et de la publicité
Paru le 14/10/2021
Broché •
12,00 €
PDF •
8,00 €
Parcours
Les métiers de l'automobile
Paru le 11/05/2020
Broché •
12,00 €
PDF •
8,00 €
Parcours
Les métiers de l'énergie
Paru le 08/04/2022
Broché •
12,00 €
PDF •
8,00 €
Parcours
Mode et luxe
Paru le 11/03/2024
Broché •
12,00 €
PDF •
8,00 €
Parcours
Les métiers du goût et des saveurs
Paru le 16/04/2021
Broché •
12,00 €
PDF •
8,00 €
Centres d'intérêt
J'ai le sens du contact
J'aime jongler avec les chiffres
Je veux travailler dans le commerce
Autres métiers à découvrir
Acheteur (mode)
Vendeur d'articles de sport
Responsable e-commerce
Demand planner
Responsable des achats
À lire aussi
Article
Reportage chez Showroomprivé
Dossier
Les écoles de commerce
Témoignage
Sébastien Bellanger, Catégory manager, siège de Sport 2000, à Égly (91)
Quiz
Quiz : Quels métiers selon mes goûts ?",ok
,M1101,"commerce, marketing, vente/achat, approvisionnement| commerce, marketing, vente/grande distribution et petits commerces",,https://www.onisep.fr/http/redirection/metier/slug/MET.8066,"Voir le fil d’Ariane
Accueil
Métier
Acheteur/euse
Acheteur / Acheteuse
Son rôle : acheter les produits et services dont son entreprise a besoin, en négociant les meilleures conditions de prix, de délais et de service après-vente. Une fonction de plus en plus stratégique dans le contexte économique actuel.
Sommaire
Le métier
Compétences requises
Où l'exercer ?
Les études
Emploi et secteur
Salaire du débutant
Pour aller plus loin
Niveau minimum d'accès :
bac + 3
Salaire débutant :
2083 €
Statut :
Statut salarié
Synonymes :
Acheteur-approvisionneur / acheteuse-approvisionneuse, Ingénieur / ingénieure achat
Métiers Associés :
Acheteur/euse (distribution), Acheteur/euse (mode)
Secteur professionnel :
Commerce et distribution
Centres d'intérêt :
J'ai le sens du contact, J'aime jongler avec les chiffres, Je veux travailler dans le commerce
© Mehrak/Onisep
Le métier
Sélectionner les fournisseurs
Acheter, cela semble simple ! Pourtant, la mission de l'acheteur ne se limite pas au choix des produits. Il doit d'abord rechercher et sélectionner les fournisseurs pour obtenir le meilleur rapport qualité/prix et ainsi réduire le plus possible les coûts et les stocks, et augmenter le chiffre d'affaires de son service ou de son entreprise.
Négocier
Qualité, prix, quantités disponibles, délais de livraison... : l'acheteur est à l'affut de tous les éléments. Puis il essaie d'obtenir les conditions d'achat les plus avantageuses possibles. Il ne recherche pas le moins cher à tout prix car, en acculant un fournisseur, il risque de le rendre défaillant et de mettre ainsi son entreprise en péril par souci d'approvisionnement. Il doit convaincre son fournisseur de l''intérêt de l'avoir comme client.
Stratégique
La politique d'achat est l'un des ressorts du développement des entreprises. Des achats maîtrisés leur donnent plus de marge de manoeuvre pour investir. C'est vrai dans tous les secteurs d'activité comme l'industrie ou les services, sans oublier le commerce où le business model est basé sur la marge réalisée entre les achats et la revente. Une fois le contrat signé, l'acheteur doit suivre le fournisseur pour pallier toute défaillance.
En vidéo
Afficher la transcription sur OnisepTV
Acheteur vendeur sur le carreau en fruits et légumes
Responsable de rayon
Compétences requises
Entre intuition et rigueur
Une réelle curiosité est indispensable à l'acheteur pour bien connaître les produits, leurs caractéristiques, les composants, leurs évolutions techniques, et trouver de nouveaux fournisseurs. Rigueur et méthode lui permettent de se constituer une documentation importante, qu'il doit mettre constamment à jour. Il surfe quotidiennement sur Internet pour anticiper l'évolution du marché et s'informer sur les nouvelles tendances.
Stressés, s'abstenir !
L'acheteur doit savoir argumenter et convaincre. L'esprit d'initiative et un excellent relationnel sont ses deux points forts, de même qu'une personnalité affirmée, le sens de l'écoute et du dialogue. Résistant et motivé, celui qui choisit ce métier doit savoir gérer le stress mieux que personne !
Double compétence appréciée
Dans l'industrie, une double compétence technique et commerciale devient une nécessité. Et, à l'heure de l'ouverture internationale, la pratique de l'anglais, voire d'une seconde langue étrangère, se révèle indispensable.
Où l'exercer ?
Des interlocuteurs divers
Pour écrire le cahier des charges, l'acheteur dialogue avec un "" client interne "" : souvent l'opérationnel qui exprime un besoin. Il est donc amené à rencontrer des personnes de tous les services et des fournisseurs dans tous les domaines : machines-outils, avocats, voyagistes, etc.
Une certaine mobilité exigée
Il est également amené à se déplacer pour rencontrer divers interlocuteurs et participer à des présentations de produits et à des salons (alimentaires, viticoles, etc.). Son métier l'amène à effectuer de nombreux voyages, parfois imprévus, dans une zone géographique plus ou moins étendue, et éventuellement à l'international, s'il traite avec des fournisseurs étrangers.
Des responsabilités étendues
Les responsabilités de l'acheteur n'ont cessé de s'étendre. Lorsqu'il conclut un contrat de plusieurs centaines de milliers d'euros, il engage financièrement son entreprise. Par ailleurs, lors de la négociation des contrats annuels de distribution (en début d'année, pendant les périodes de pointe de production dans l'industrie), l'acheteur est soumis à une forte pression.
Les études
Après le bac
3 ans pour obtenir une licence professionnelle (1 an après un bac + 2) ou un diplôme d'école de commerce ; 5 ans pour un master, un diplôme d'école supérieure de commerce ou un diplôme d'ingénieur, éventuellement complété par un mastère spécialisé en achat (1 an). La tendance est au recrutement de jeunes de plus en plus qualifiés. Autre possibilité : 2 ans pour préparer un BTS commerce international ou un BTS technico-commercial, complété par quelques années d'expérience professionnelle.
bac + 3
Licence mention langues étrangères appliquées
Licence pro mention commerce et distribution
Licence pro mention coopération et développement international
Licence pro mention gestion des achats et des approvisionnements
bac + 5
Diplôme d'études supérieures en management (Programme Grande École)
Diplôme d'ingénieur de l'École Centrale de Lille de Centrale Lille Institut
Diplôme d'ingénieur de l'École centrale de Lyon
Diplôme du programme grande école de Kedge BS
Diplôme du programme grande école de PSB
Diplôme en management et gestion opérationnelle d'entreprise
Master mention gestion de production, logistique, achats
Master mention marketing, vente
bac + 6
Mastère spé. gestion des achats internationaux et Supply Chain
Emploi et secteur
Plusieurs secteurs possibles
L'acheteur peut travailler dans l'industrie, la distribution, les services, mais aussi de plus en plus dans le secteur public. Dans la distribution, il est salarié d'une centrale d'achats (la structure qui achète aux fabricants des produits pour différentes enseignes comme Auchan ou Carrefour) ou d'un magasin, pour les enseignes qui leur laissent encore une certaine liberté. Dans l'industrie, son poste est rattaché au service des achats.
Des places rares et chères
Si la fonction prend de l'importance, le nombre d'acheteurs reste limité en France. Cette fonction est l'apanage des grands groupes. On peut également en trouver dans les PME (petites et moyennes entreprises) de plus de 200 salariés. Mais cette rationalisation des coûts est surtout pratiquée dans l'industrie : 1 emploi sur 2 y est proposé.
Des postes évolutifs
Les jeunes diplômés débutent généralement au poste d'assistant acheteur. Dans les grandes entreprises, ils peuvent obtenir le statut cadre dès leur embauche. Ensuite, avec de l'expérience, ils peuvent évoluer vers un poste de responsable, de directeur des achats ou du service approvisionnements ou, dans la distribution, vers le poste de chef de groupe.
Secteur
Ce métier peut être exercé dans tous les secteurs d’activité : agriculture ; BTP ; commerce et services ; énergie ; industrie.
Commerce et distribution
Salaire du débutant *
Entre 2083 et 2830 euros brut par mois, en fonction de la taille et du secteur de l'entreprise.
* variable en fonction du lieu d'exercice, du statut.
Partager la page
Imprimer
Mail
LinkedIn
X
Facebook
Télécharger la page
Acheteur / Acheteuse
Pour aller plus loin
Sur le web
Association nationale des acheteurs publics
Librairie
Parcours
Les métiers du commerce, du marketing et de la publicité
Paru le 14/10/2021
Broché •
12,00 €
PDF •
8,00 €
Parcours
Les métiers de l'automobile
Paru le 11/05/2020
Broché •
12,00 €
PDF •
8,00 €
Parcours
Les métiers de l'énergie
Paru le 08/04/2022
Broché •
12,00 €
PDF •
8,00 €
Parcours
Mode et luxe
Paru le 11/03/2024
Broché •
12,00 €
PDF •
8,00 €
Parcours
Les métiers du goût et des saveurs
Paru le 16/04/2021
Broché •
12,00 €
PDF •
8,00 €
Centres d'intérêt
J'ai le sens du contact
J'aime jongler avec les chiffres
Je veux travailler dans le commerce
Autres métiers à découvrir
Acheteur (mode)
Vendeur d'articles de sport
Responsable e-commerce
Demand planner
Responsable des achats
À lire aussi
Article
Reportage chez Showroomprivé
Dossier
Les écoles de commerce
Témoignage
Sébastien Bellanger, Catégory manager, siège de Sport 2000, à Égly (91)
Quiz
Quiz : Quels métiers selon mes goûts ?",ok
,C1105,"banque, assurances, immobilier/assurances| sciences/mathématiques",,https://www.onisep.fr/http/redirection/metier/slug/MET.861,"Voir le fil d’Ariane
Accueil
Métier
Actuaire
Actuaire
Afin de concevoir et/ou de modifier les contrats d'assurance, ou de mesurer les risques encourus par sa société, l'actuaire manie statistiques, algoritmes et modélisations. Son expertise permet aux dirigeants de prendre des décisions éclairées.
Sommaire
Le métier
Compétences requises
Où l'exercer ?
Les études
Emploi et secteur
Salaire du débutant
Pour aller plus loin
Niveau minimum d'accès :
bac + 5
Salaire débutant :
3300 €
Statut :
Statut salarié
Synonymes :
Chargé / chargée d'études actuarielles, Ingénieur / ingénieure en assurances
Secteur professionnel :
Banque - assurances
Centre d'intérêt :
J'aime jongler avec les chiffres
© Banjee/Onisep
Le métier
Exploiter les données
Avec des datas scientists (experts en mégadonnées) pour des recherches de données larges ou en exploitant celles de son entreprise, l'actuaire évalue les résultats de produits d'assurance par exemple ou les risques financiers encourus par son entreprise, les capacités de remboursements des clients d'une banque ou encore la rentabilité de placements boursiers. Son travail d'analyse, de statistique, de modélisation permet d'établir des tarifs d'assurance, d'ajuster des contrats ou encore de prendre des décisions stratégiques.
Evaluer le risque
Ayant examiné tous les risques possibles en fonction de son secteur d'activité (krack boursier, tempête, guerre, table de mortalité, etc.), l'actuaire évalue leur probabilité et le coût probable pour sa société. A partir de là, il ou elle peut, par exemple, définir des barèmes de tarification de police d'assurance et établir des règles de surveillance des résultats.
Accompagner, corriger
L'actuaire apporte son assistance aux professionnels chargés de commercialiser les contrats. Il ou elle suit les résultats d'exploitation et l'évolution des réserves financières de l'entreprise. Si dérives, il faut en rechercher les causes et les corriger. Le suivi de la réglementation, notamment européenne, sur la solvabilité des entreprises, est aussi de son resort.
En vidéo
Afficher la transcription sur OnisepTV
Compétences requises
Le goût des chiffres
Experts de haut niveau, les actuaires possèdent des connaissances pointues en mathématiques, statistiques, finances et probabilités. Ils s'appuient également sur de solides bases en droit, économie, gestion et fiscalité des assurances notamment. Leur maîtrise des logiciels, programmes informatiques et bases de données leur permettent d'effectuer toutes sortes de simulations, modélisation et présentations compréhensibles pour les décideurs.
Méthodique et logique
Dans le but de recueillir une énorme quantité d'informations, l'actuaire doit organiser ses recherches avec soin, parfois en collaboration avec des data scientists (experts en mégadonnées) lorsqu'il s'agit de récupérer des données diverses. Pour donner un sens aux chiffres, l'actuaire doit prendre du recul et le temps de la réflexion. Esprit d'analye et de synthèse sont indispensables en plus de la rigueur.
Bonne communication
Des aptitudes à diriger une équipe, à communiquer et à négocier sont nécessaires pour évoluer. Les résultats de ses analyses doivent être formulées clairement, à l'écrit comme à l'oral, parfois en anglais. Force de proposition, l'actuaire est autonome et ne cède pas au stress, même en période plus chargée.
Où l'exercer ?
Au siège de la compagnie
Généralement, l'actuaire travaille au siège d'une compagnie d'assurances, souvent en Ile-de-France ou en région Nouvelle Aquitaine. S'ils travaillent dans une société de conseil, les actuaires sont amenés à se déplacer au gré des missions.
Un travail d'équipe
Occupant une fonction centrale au sein de l'entreprise, l'actuaire a de nombreux interlocuteurs : commerciaux de sa société d'assurance, responsables du marketing, juristes, direction générale. Dans un grand groupe, les actuaires sont spécialisés (solvabilité, finances, tarification, provisionnement, etc.) ; ils sont plus polyvavents dans les structures moins importantes et leurs tâches varient selon le secteur d'activité. Lorsque l'actuaire est responsable d'un service, il ou elle encadre une équipe de chargés d'études.
Avec des responsabilités
Le travail des actuaires permet de prendre des décisions stratégiques, souvent lourdes de conséquences. Il n'est pas simple d'anticiper les risques de demain dans une société en bouleversement. ll faut donc avoir les nerfs solides et savoir résister au stress, d'autant que son travail est soumis à des dates de rendu précises : bilans financiers, audits, normes à mettre en place, etc.
Les études
Après le bac
5 ans pour obtenir le diplôme d'actuaire, le diplôme de statisticien, mention actuariat, ou un master (actuariat ; mathématiques appliquées, statistiques ; finance).
bac + 5
Diplôme d'ingénieur de l'École nationale de la statistique et de l'administration économique du Groupe des écoles nationales d'économie et statistique
DU actuaire
DU diplôme de statisticien de l'Institut de statistique mention actuariat
Master mention actuariat
Master mention finance
Master mention mathématiques appliquées, statistique
Master mention statistique et économie du risque
Emploi et secteur
Un job en or
L'actuariat offre de bons salaires et de belles perspectives de carrière. Traditionnellement embauchés par des sociétés d'assurances, les actu­aires investissent de plus en plus la banque, la finance ou l'industrie, où leur expertise est recherchée, par exemple pour la conception et la mise en oeuvre des politiques et procédures visant à atténuer les risques dans les différents aspects de leur activité.
Besoins en hausse
Les besoins en actuaires augmentent régulièrement. Si 49% des actuaires exercent dans les assurances, cette proportion a tendance à baisser, au profit du conseil (18%), et surtout de la banque-finance (11%). On leur demande de plus en plus de maîtriser l'anglais pour travailler dans des grands groupes et d'avoir de bonnes notions de droit, d'économie, de finances.
Progression rapide
Souvent, l'actuaire débute par des missions de conseil ou d'études techniques. Après 3 ans en moyenne, on peut passer chargé (e) d'études et, en général, il ne faut pas plus de 5 ans pour occuper des fonctions d'encadrement (animation d'une équipe de techniciens et de chargés d'études) ou se spécialiser dans le risk ou asset management par exemple. Environ 16 % des actuaires accèdent ensuite à un poste de direction générale dans les assurances ou dans des institutions financières.
Secteur
Banque - Assurances
Salaire du débutant *
À partir de 3300 euros brut par mois.
* variable en fonction du lieu d'exercice, du statut.
Partager la page
Imprimer
Mail
LinkedIn
X
Facebook
Télécharger la page
Actuaire
Pour aller plus loin
Sur le web
Site de l'Institut de formation de la profession de l'assurance. Offres d'emploi, informations sur le secteur.
Informations sur les formations initiales et continues, actualités, réglementations, etc.
Site de l'Observatoire de l'évolution des métiers de l'assurance.
Librairie
Parcours
Les métiers de la banque, de la finance et de l'assurance
Paru le 30/05/2022
Broché •
12,00 €
PDF •
8,00 €
Zoom sur les métiers
Mathématiques, statistique et informatique
Paru le 02/04/2021
Broché •
4,90 €
Zoom sur les métiers
Les métiers dans l'assurance
Paru le 21/11/2023
Broché •
4,90 €
Centre d'intérêt
J'aime jongler avec les chiffres
Autres métiers à découvrir
Responsable des produits structurés actions
Data analyst (analyste de données)
Architecte big data  (mégadonnées)
Data scientist (expert en mégadonnées)
Conseiller en assurances
À lire aussi
Quiz
Quiz : Quels métiers selon mes goûts ?
Article
10 métiers à la Une
Article
Découvrir le monde professionnel
Site web
Les métiers animés",ok
,M1801,"informatique, Internet/bases de données| informatique, Internet/informatique (généralités)",,https://www.onisep.fr/http/redirection/metier/slug/MET.14,"Voir le fil d’Ariane
Accueil
Métier
Administrateur/trice de base de données
Administrateur / Administratrice
de base de données
Fichiers clients, catalogues produits, comptes financiers..., l'administrateur de base de données est le garant des milliers d'informations stockées dans les bases de données d'une entreprise. Il en assure la disponibilité, la qualité et la sécurité.
Sommaire
Le métier
Compétences requises
Où l'exercer ?
Les études
Emploi et secteur
Salaire du débutant
Pour aller plus loin
Niveau minimum d'accès :
bac + 3
Salaire débutant :
2750 €
Statut :
Statut salarié
Synonymes :
Database administrator (dba), Ingénieur / ingénieure en base de données, Responsable de base de données
Métiers Associés :
Administrateur/trice de logiciels de laboratoire, Géomaticien/ne
Secteur professionnel :
Informatique et réseaux
Centre d'intérêt :
Je suis accro au numérique
© MTStock Studio/E+/Getty Images
Le métier
Mettre en place
L'administrateur de base de données prend en compte les spécificités de l'entreprise pour choisir les logiciels et progiciels à mettre en place. Il tient compte du cahier des charges réalisé en amont avec le chef de projet et l'architecte de base de données. Pour choisir les outils permettant de construire et d'exploiter la base, il teste, puis met en place des progiciels SGBD (système de gestion de base de données), modélise, codifie, met au point des dictionnaires de données et conseille les développeurs.
Faciliter l'utilisation
Pour permettre aux utilisateurs d'accéder aux informations, à tout moment et simultanément, il définit les normes et les paramètres d'utilisation des systèmes, gère les droits d'accès en attribuant des mots de passe. Il installe des procédures de sauvegarde et de restauration automatiques. Au besoin, il aide les utilisateurs dans leurs recherches. Chaque jour, il analyse les incidents survenus pour y remédier.
Veiller et anticiper
Il effectue des mises à jour régulières pour optimiser la base et son utilisation, la rapidité des traitements... Pour éviter toute défaillance et anticiper les évolutions techniques, il établit un système de veille technologique quotidienne. Les aspects liés à la sécurité n'ont pas de secrets pour lui.
Compétences requises
Un bon bagage technique
L'administrateur de base de données possède une bonne connaissance de l'architecture des systèmes d'information et maîtrise les différentes bases de données ainsi que les principaux logiciels de gestion. Il a acquis des compétences en système et réseau ainsi que dans les langages de programmation. Il est au fait des questions de sécurité. Son expérience des systèmes d'information complexes facilite son travail.
À l'écoute de l'entreprise
Il sait à quoi sert précisément chaque base de données. Il est familiarisé avec leur environnement de développement et d'exploitation. Connaissant bien les activités de son entreprise, il est à même d'anticiper les besoins et d'intervenir rapidement en cas de problème. Enfin, il se montre disponible et à l'écoute des utilisateurs et de sa direction.
Réactivité et méthode
Doté d'un sens de l'organisation et de la planification, il fait preuve de rigueur, de synthèse et de méthode. Savoir prendre du recul, avoir une grande ouverture d'esprit et s'adapter rapidement sont autant de qualités également requises.
Où l'exercer ?
Différents supports
L'administrateur de base de données assume des responsabilités croissantes. Cela est dû à l'essor des bases de données mobiles et partagées, mais aussi aux
datawarehouses
ou entrepôts de données des organisations (entreprises, administrations). Aujourd'hui, il travaille sur des supports de plus en plus divers et déterminants dans la gestion des organisations. Dans certaines structures, un architecte réseaux conçoit les bases puis passe le relais à l'administrateur. Parfois, les deux fonctions sont confondues.
Entre applications et pratiques
D'un côté, il collabore avec les chefs de projet et les ingénieurs de la direction des systèmes d'information. De l'autre, il va au contact des utilisateurs de la ou des bases de données qu'il gère, afin de définir leurs besoins ou résoudre des problèmes. Il rencontre régulièrement des prestataires de services. Ces liens, il les établit de son bureau ou lors de déplacements fréquents, à l'intérieur comme à l'extérieur de l'entreprise.
Des horaires étendus
Le système qu'il administre fonctionnant 24 heures sur 24, il est parfois d'astreinte le soir ou le week-end. Certaines manipulations ne sont possibles que lorsque les utilisateurs ne consultent pas les bases, d'où, souvent, une présence en dehors des heures de bureau.
Les études
Après le bac
3 ans pour obtenir une licence professionnelle en administration de bases de données ou systèmes répartis (1 an après un bac + 2) ; 3 ans pour le BUT statistique et informatique décisionnelle pour l'extraction et la visualisation de données, outils de décisions pour l'entreprise ;  5 ans pour un master (en bases de données et applications réparties ou en informa- tique décisionnelle) ou un diplôme d'ingénieur (spécialisé en ingénierie ou exploitation de bases de données).
bac + 3
BUT informatique parcours administration, gestion et exploitation des données
Licence pro mention métiers de l'informatique : administration et sécurité des systèmes et des réseaux
Licence pro mention métiers de l'informatique : systèmes d'information et gestion de données
bac + 5
Diplôme d'ingénieur de l'École nationale supérieure des sciences appliquées et de technologie de Lannion de l'université de Rennes spécialité informatique
Diplôme d'ingénieur de l'École nationale supérieure d'informatique pour l'industrie et l'entreprise
Diplôme d'ingénieur de l'École polytechnique universitaire de l'université Paris-Saclay spécialité informatique
Diplôme d'ingénieur de l'École publique d'ingénieurs de la santé et du numérique (EPISEN) de l'université Paris 12 spécialité systèmes d'information
Diplôme d'ingénieur de l'Institut des sciences et techniques des Yvelines de l'université de Versailles Saint-Quentin en Yvelines spécialité informatique
Diplôme d'ingénieur de l'Institut d'ingénierie informatique de Limoges
Diplôme d'ingénieur de l'université de technologie de Compiègne spécialité informatique
Master mention méthodes informatiques appliquées à la gestion des entreprises
Emploi et secteur
Au coeur des systèmes
Impossible de se passer de ses services, même au sein des petites structures ! Aujourd'hui, l'administrateur de base de données trouve sa place dans les entreprises et les administrations, friandes de bases de données, mais aussi au sein des ESN (entreprises de services du numérique) où il peut gérer les bases de plusieurs sociétés très différentes. Son périmètre de mission varie selon la taille de l'entreprise et son domaine d'activité.
Priorité au recrutement interne
La plupart des postes d'administrateur sont pourvus en interne
via
l'évolution au sein de la société. Le travail des administrateurs exige en effet une parfaite connaissance de l'organisation de l'entreprise. C'est pourquoi les ingénieurs réseaux ou les développeurs sont, en règle générale, les mieux placés pour occuper la fonction après 3 à 5 ans d'expérience.
L'expérience ouvre des portes
Le rôle de l'administrateur de base de données évolue progressivement vers le développement des réseaux informatiques. S'il le souhaite, il pourra se tourner vers les métiers d'architecte système, de consultant technique ou encore de manager de projet. Une reconversion en tant que responsable des systèmes d'information n'est pas exclue.
Secteur
Ce métier peut être exercé dans tous les secteurs d’activité : agriculture ; BTP ; commerce et services ; énergie ; industrie.
Informatique et réseaux
Salaire du débutant *
À partir de 2750 euros brut par mois.
* variable en fonction du lieu d'exercice, du statut.
Partager la page
Imprimer
Mail
LinkedIn
X
Facebook
Télécharger la page
Administrateur / Administratrice de base de données
Pour aller plus loin
Sur le web
Informations sur les métiers et les formations, en particulier en alternance, sur le secteur du numérique et de l'événementiel.
Talents du Numérique, site d'information sur les formations et métiers du numérique.
Numeum, syndicat patronal et organisation des professionnels du numérique
Librairie
Parcours
Les métiers de l'informatique
Paru le 26/09/2022
Broché •
12,00 €
PDF •
8,00 €
Parcours
Numérique
Paru le 02/06/2025
Broché •
12,00 €
PDF •
8,00 €
Centre d'intérêt
Autres métiers à découvrir
Data analyst (analyste de données)
Scrum master
Product owner
Architecte big data  (mégadonnées)
Consultant en systèmes d'information
À lire aussi
Quiz
Quiz : Quels métiers selon mes goûts ?
Article
10 métiers à la Une
Article
Découvrir le monde professionnel
Site web
Les métiers animés",ok
,M1810,"informatique, Internet/informatique (généralités)| informatique, Internet/systèmes et réseaux",,https://www.onisep.fr/http/redirection/metier/slug/MET.717,"Voir le fil d’Ariane
Accueil
Métier
Administrateur/trice de logiciels de laboratoire
Administrateur / Administratrice
de logiciels de laboratoire
Les laboratoires d'analyses médicales sont équipés de matériels et de logiciels informatiques spécifiques qui gèrent chaque étape du travail. L'administrateur de logiciels de laboratoire a un rôle clé dans ces organisations où l'erreur n'est pas permise.
Sommaire
Le métier
Compétences requises
Où l'exercer ?
Les études
Emploi et secteur
Salaire du débutant
Pour aller plus loin
Niveau minimum d'accès :
bac + 3
Statut :
Statut salarié
Secteur professionnel :
Santé
Centre d'intérêt :
Je suis accro au numérique
© GodfriedEdelman/iStock.com
Le métier
De nombreuses données
Gestion des rendez-vous et de la remise des résultats, archivage des données, production des rapports d'analyses... autant d'étapes traitées dans les laboratoires par des logiciels ou progiciels coûteux et complexes. L'administrateur de logiciels est en charge de l'ensemble des systèmes de gestion des données du laboratoire (ou LIMS pour son équivalent en anglais). Dans ce secteur où les normes de sécurité sont draconiennes, l'informatique n'échappe pas à la règle.
Les bons choix
La concurrence est forte pour fournir les labos en nouveaux logiciels. Le premier rôle de l'administrateur est donc de faire le tri parmi l'existant en faisant une analyse fine des besoins avant de construire un appel d'offres. Autant dire qu'avec des coûts de licence utilisateur à 4 chiffres il n'a pas intérêt à se tromper ! Une fois le choix arrêté, il devra paramétrer les nouveaux outils en fonction des besoins spécifiques de son entreprise et s'assurer de leur bon fonctionnement grâce à des tests et enfin un plan de validation.
Des tâches quotidiennes
Parmi les autres tâches de l'administrateur : prévoir et mettre en oeuvre un plan de sauvegarde des données, résoudre les problèmes qui pourront se poser en cours d'exploitation, installer les nouvelles versions des progiciels...
Compétences requises
Un technicien organisé
Responsable de la qualité des données du laboratoire, l'administrateur de logiciels doit avoir des compétences informatiques plus larges que pointues. Il doit également faire preuve d'organisation et de logique. Méthodique, il sait analyser les besoins, résoudre les problèmes techniques les plus courants, bâtir un appel d'offres et un plan de validation et de sauvegarde.
Pédagogue et concret
Il sait travailler en équipe et sait se montrer pédagogue et patient pour aider les utilisateurs à s'approprier les nouveaux logiciels et communiquer les besoins spécifiques du labo aux prestataires. Pragmatique, il sait faire appel à un expert en cas de problème complexe.
Ouvert et curieux
Travaillant dans un milieu sensible où la sécurité est primordiale, il doit être extrêmement consciencieux et avoir une bonne résistance au stress. Il doit en outre avoir un esprit curieux pour se tenir au courant des nouveautés et anticiper les besoins des utilisateurs. Il doit exercer une veille technologique régulière.
Où l'exercer ?
Au sein d'une équipe
L'administrateur de logiciels de laboratoire travaille en équipe au sein du service informatique du laboratoire. En fonction de la difficulté, notamment pour les tâches de configuration, il peut se tourner vers son directeur informatique ou vers un consultant extérieur qui interviendra en tant qu'expert pour résoudre un problème précis.
En contact avec fournisseurs et utilisateurs
L'administrateur travaille également avec les fournisseurs, les éditeurs de logiciels... pour maîtriser les produits et les services qu'ils proposent, ajuster ses appels d'offres, mettre en place ou faire évoluer les logiciels qu'il leur aura achetés... Il est également proche des utilisateurs au sein du laboratoire (secrétaires, médecins, techniciens, etc.) pour répondre à leurs questions, les accompagner lors de la mise en place d'un nouveau logiciel ou de nouvelles procédures. Il doit également anticiper leurs besoins en cherchant toujours à améliorer l'efficacité et la sécurité des données.
Poste et horaires fixes
Son travail est essentiellement sédentaire, dans son bureau au laboratoire. Ses horaires sont réguliers mais il peut toutefois être amené à travailler davantage, lors de plans de sauvegarde par exemple.
Les études
Après le bac
De bac + 3 (licence pro mention métiers de l'informatique) à bac + 5 (maaster diplôme d'ingénieur spécialisé en informatique...).
bac + 3
Licence pro mention métiers de l'informatique : administration et sécurité des systèmes et des réseaux
Licence pro mention métiers de l'informatique : conception, développement et test de logiciels
Licence pro mention métiers de l'informatique : systèmes d'information et gestion de données
bac + 5
Diplôme d'ingénieur de l'École d'ingénieurs Denis Diderot de l'université Paris Cité spécialité systèmes informatiques embarqués
Diplôme d'ingénieur de l'École nationale supérieure des mines d'Alès de l'Institut Mines-Télécom spécialité informatique et réseaux
Diplôme d'ingénieur de l'École nationale supérieure des sciences appliquées et de technologie de Lannion de l'université de Rennes spécialité informatique
Diplôme d'ingénieur de l'École nationale supérieure d'ingénieurs du Mans de l'université du Mans spécialité informatique
Diplôme d'ingénieur de l'École polytechnique universitaire de l'université de Nantes spécialité informatique
Diplôme d'ingénieur de l'École pour l'informatique et les techniques avancées
Master mention informatique
Master mention méthodes informatiques appliquées à la gestion des entreprises
Emploi et secteur
Des débouchés constants
Aujourd'hui, avec une informatique omniprésente dans les laboratoires, la fonction d'administrateur de logiciels y est devenue incontournable. D'autant qu'avec le vieillissement de la population, l'activité des laboratoires d'analyses médicales n'est pas près de se tarir : ces professionnels n'ont donc pas de souci à se faire pour l'avenir.
Des évolutions possibles
Après quelques années d'expérience, l'administrateur de logiciels de laboratoire peut, par exemple, s'orienter vers la direction d'un parc informatique ou accéder à la direction d'un service informatique. Il peut également aller travailler chez un prestataire éditeur de logiciels.
Secteur
Santé
Salaire du débutant
Variable en fonction du lieu d'exercice, du diplôme d'origine et du périmètre du poste.
Partager la page
Imprimer
Mail
LinkedIn
X
Facebook
Télécharger la page
Administrateur / Administratrice de logiciels de laboratoire
Pour aller plus loin
Librairie
Parcours
Les métiers de l'informatique
Paru le 26/09/2022
Broché •
12,00 €
PDF •
8,00 €
Parcours
Numérique
Paru le 02/06/2025
Broché •
12,00 €
PDF •
8,00 €
Centre d'intérêt
Autres métiers à découvrir
Technicien de maintenance en informatique
Gestionnaire de parc micro-informatique
Data analyst (analyste de données)
Data scientist (expert en mégadonnées)
Data manager
À lire aussi
Quiz
Quiz : Quels métiers selon mes goûts ?
Article
10 métiers à la Une
Article
Découvrir le monde professionnel
Site web
Les métiers animés",ok
,,"gestion des entreprises, comptabilité/administration de l'entreprise| gestion des entreprises, comptabilité/comptabilité| santé, social, sport/travail social",,https://www.onisep.fr/http/redirection/metier/slug/MET.816,"Voir le fil d’Ariane
Accueil
Métier
Administrateur/trice de mission humanitaire
Administrateur / Administratrice
de mission humanitaire
C'est sur lui que repose l'équilibre financier d'une mission. Dans l'humanitaire comme ailleurs, l'administrateur tient les cordons de la bourse. À Port-au-Prince ou Islamabad, il s'adapte sans cesse au contexte, toujours difficile !
Sommaire
Le métier
Compétences requises
Où l'exercer ?
Les études
Emploi et secteur
Salaire du débutant
Pour aller plus loin
Niveau minimum d'accès :
bac + 4
Statuts :
Contrat de volontariat, Statut salarié
Secteur professionnel :
Social
Centres d'intérêt :
J'aime jongler avec les chiffres, J'aime les langues, J'aime organiser, gérer, Je rêve de travailler à l'étranger
© Alain Potignon/Onisep
Le métier
Gestion de l'urgence
L'administrateur est le bras droit financier du chef de mission humanitaire. À lui de préparer les budgets et les plans de trésorerie. Quand une organisation décide de mener une action et que le chef de mission a défini les objectifs concrets, il peut enfin intervenir. Il répartit les fonds sur les différents sites et entre les équipes. Il détermine comment, et à quel rythme, l'argent sera dépensé. La situation est instable ? Les priorités sont ajustées en accord avec le chef de mission. Comptable de l'urgence, l'administrateur peut gérer des budgets importants et des équipes de 300 à 500 personnes.
Comptabilité et formalités
Chaque jour, l'administrateur recrute et gère le personnel sur place, passe les contrats de location d'entrepôts ou de camions, suit les achats de matériels, paie les factures et les salaires. À lui aussi de régler les formalités administratives concernant les professionnels expatriés. L'administrateur tient la comptabilité, enregistre les dépenses et les recettes. Régulièrement, il rédige des rapports financiers à l'intention des contributeurs ou des mécènes et pour le siège de son organisation non gouvernementale (ONG).
Compétences requises
Réactif et rigoureux
Toutes les missions sont différentes. Dans certains pays, il faut se substituer aux banques ou aux financeurs de programmes d'urgence internationaux comme l'ONU. Dans d'autres cas, il faut gérer une surabondance de fonds financiers. Comme les informations de terrain font évoluer la mission en permanence, l'administrateur humanitaire doit savoir s'adapter, prendre des initiatives et des décisions, parfois à la hâte. Comme de tout comptable, on attend de lui honnêteté et rigueur dans la gestion des budgets.
Un pédagogue à l'écoute
Techniques de gestion, suivi de projet, logistique... L'administrateur prend souvent en charge la formation de ses assistants recrutés sur place - dits « locaux » jusqu'à ce qu'ils deviennent autonomes à leur tour. Écoute, patience, maîtrise de la langue et connaissance des pratiques culturelles sont autant d'atouts pour assurer ce rôle.
Où l'exercer ?
Sur le terrain ou au QG
L'administrateur travaille dans les zones sinistrées, les pays en guerre ou en crise. Il gère, dans des conditions souvent très précaires, un programme d'aide ou de développement mis en place par son ONG. Pendant sa mission, il peut se déplacer sur le terrain. En se rendant, par exemple, dans les centres de soins ou de distribution de nourriture, il voit concrètement si les moyens financiers sont bien utilisés.
Entouré d'assistants locaux
L'administrateur peut gérer, seul, un programme de petite taille. Le plus souvent, il encadre des assistants administratifs et financiers. Ce sont des « locaux » qu'il forme aux pratiques de gestion. Si la mission est implantée depuis longtemps dans un même pays, il est plus facile de déléguer le suivi administratif, les contacts avec les banques ou les autorités locales... Souvent, un administrateur général est basé dans la capitale du pays. Il sert alors d'appui aux logisticiens administrateurs qui interviennent sur les différents sites.
Les études
Après le bac
Ces volontaires sont choisis en priorité parmi des diplômés (souvent bac + 5) en gestion, commerce, finance, comptabilité, ou en formations humanitaires spécialisées... complétées par au moins 2 ans d'expérience professionnelle. Maîtrise de l'anglais et surtout sens de l'engagement sont indispensables !
bac + 5
Manager de la solidarité internationale et de l'action sociale
Master mention comptabilité, contrôle, audit
Master mention contrôle de gestion et audit organisationnel
Master mention finance
Master mention management et administration des entreprises
Emploi et secteur
Volontaire ou salarié
La plupart des ONG recrutent leur personnel expatrié sous statut de volontaire : c'est-à-dire qu'elles prennent en charge le transport, l'hébergement, les frais de vie sur place et la couverture sociale et versent une indemnité mensuelle de 800 à 900 euros. Quelques ONG offrent des contrats à durée déterminée (CDD) pour les postes d'administrateur, de coordinateur ou de chef de mission. À titre d'exemple, chez Médecins sans frontières, les administrateurs constituent 10 % des expatriés. Les candidatures étant nombreuses, la sélection est sévère.
Des évolutions variées
Les missions durent de 3 mois à 2 ans. Avec de l'expérience, les administrateurs peuvent devenir coordinateur ou chef de mission. À terme, certains humanitaires obtiennent un poste au siège, en gardant la possibilité de retourner sur le terrain. Quelques-uns se font recruter par les organisations internationales (Croix-Rouge, UNICEF). À la fin de leur mission sur le terrain ces volontaires internationaux retrouvent leur métier en France. Néanmoins, ceux qui sont partis longtemps, au-delà de 4 à 5 ans, ont plus de mal à se réinsérer.
Secteur
Social
Salaire du débutant
De 800 à 1700 euros brut par mois. Certains frais comme l'hébergement, le transport ou la nourriture peuvent être pris en charge.
Partager la page
Imprimer
Mail
LinkedIn
X
Facebook
Télécharger la page
Administrateur / Administratrice de mission humanitaire
Pour aller plus loin
Sur le web
Site de la coordination nationale des ONG françaises de solidarité internationale
Centres d'intérêt
J'aime jongler avec les chiffres
J'aime les langues
J'aime organiser, gérer
Autres métiers à découvrir
Credit manager (chef du crédit)
Assistant de gestion en pme
Inspecteur de l'action sanitaire et sociale
Ingénieur social
Directeur d'établissement ou de service d'intervention sociale
À lire aussi
Quiz
Quiz : Quels métiers selon mes goûts ?
Article
10 métiers à la Une
Article
Découvrir le monde professionnel
Site web
Les métiers animés",ok
,L1302,"gestion des entreprises, comptabilité/administration de l'entreprise| arts, culture, artisanat/arts du spectacle",,https://www.onisep.fr/http/redirection/metier/slug/MET.469,"Voir le fil d’Ariane
Accueil
Métier
Administrateur/trice de spectacle
Administrateur / Administratrice
de spectacle
Gestion économique, financière, du personnel... rien n'échappe à l'administratrice ou à l'administrateur de spectacle, sans qui aucun spectacle voie le jour. Ses activités varient en fonction du type de structure qui l'emploie, et de sa taille.
Sommaire
Le métier
Compétences requises
Où l'exercer ?
Les études
Emploi et secteur
Salaire du débutant
Pour aller plus loin
Niveau minimum d'accès :
bac + 3
Salaire débutant :
1980 €
Statut :
Intermittent du spectacle
Synonymes :
Administrateur / administratrice d'orchestre, Administrateur / administratrice de compagnie, Administrateur / administratrice de production, Administrateur / administratrice de théâtre, Administrateur / administratrice de tournée
Secteur professionnel :
Arts du spectacle
Centres d'intérêt :
J'aime bouger, J'aime jongler avec les chiffres, J'aime organiser, gérer, Je veux travailler dans le spectacle
© Alain Potigon/Onisep
Le métier
Gestion administrative
Les administrateurs de spectacle sont les responsables administratifs d'une production, un spectacle ou d'une structure culturelle : compagnie, théâtre, opéra, orchestre... Ils établissent les dossiers de demande de subventions et mettent en place des partenariats avec des distributeurs, des coproducteurs, des structures culturelles, des entreprises, au niveau national comme international. Puis ils assurent le suivi des courriers, des factures, etc. Poste central, l'administration de spectacle gère également la logistique des tournées, en lien avec les chargés de production et la direction artistique.
Gestion financière
L'administratrice ou l'administrateur établit un budget prévisionnel et élabore les dossiers de subventions, puis gère les dépenses et la trésorerie des organismes qui l'emploient. Cela comprend la comptabilité courante, le suivi des contrats avec les financeurs et les assureurs...
Gestion du personnel
Contrats de travail, salaires, déclarations sociales ou de droits d'auteurs, constitution et coordination des équipes, plannings... Les ressources humaines incombent à l'administrateur ou l'administratrice qui est responsable du recrutement et de l'encadrement du personnel, mais aussi de faire respecter la réglementation (travail, sécurité, etc.)
En vidéo
Afficher la transcription sur OnisepTV
Adjointe à la direction technique et de production d'un opéra
Administratrice de spectacle
Compétences requises
Aimer les chiffres
Gestion comptable et administrative, gestion économique et financière... Tout ce qui touche aux chiffres est du ressort de l'administrateur ou de l'administratrice de spectacle. Avec rigueur, il ou elle maîtrise les logiciels de comptabilité, aime les tableaux de chiffre, faire respecter la législation, planifier et analyser.
Être polyvalent
Outre la comptabilité, l'administrateur ou l'administratrice s'occupe des questions législatives, de la communication, de la production, de la diffusion des spectacles, de la sécurité de tous... Une polyvalence qui lui permet de superviser et centraliser toutes les informations. Vigilants, à l'écoute de toute l'équipe, les administrateurs sont les garants du bon fonctionnement d'une compagnie, d'un spectacle, d'une structure culturelle.
S'adapter
Face à l'effervescence qui entoure la mise en place d'un spectacle, l'administrateur ou l'administratrice sait gérer les stress et doit faire preuve de sang-froid. Organisés et réactifs, les administrateurs savent s'adapter rapidement à toutes nouvelles situations, en trouvant des solutions pour ne pas mettre en péril le spectacle.
Où l'exercer ?
Au bureau et sur le terrain
L'administrateur ou l'administratrice travaille au sein d'un organisme culturel (compagnie, orchestre, salle de spectacle, théâtre...) ou ponctuellement pour un spectacle. Le travail se fait depuis son bureau et sur le terrain, sur les lieux des spectacles et parfois en tournée.
Une collaboration importante
Pour qu'un spectacle voie le jour, toute la troupe doit collaborer. Les administrateurs travaillent ainsi avec des interlocuteurs variés : direction artistique, metteurs en scène, régisseurs ou chargés de production, décorateurs, artistes, techniciens... Les administrateurs sont aussi en contact avec les institutions : Etat, région, villes, etc. Très polyvalents dans les petites structures, ils sont sous l'autorité de la régie générale dans les grandes structures, très hiérarchisées.
Une grande disponibilité
Un spectacle traverse parfois la France, et parfois continue à l'étranger, ce qui implique des déplacements fréquents. Les admistrateurs peuvent avoir besoin d'être présents au moment du spectacle : en soirée, le week-end ou les jours fériés. Dotés d'une grande disponibilité, ils doivent faire face aux imprévus et être capables de travailler dans l'urgence.
Les études
Après le bac
3 ans pour une licence professionnelle avec des parcours en administration et gestion des entreprises culturelles de la musique et du spectacle vivant ; administration et gestion des entreprises culturelles ; management des entreprises culturelles ;
5 ans pour le diplôme d'administration de l'Ensatt (École nationale supérieure des arts et techniques du théâtre) ; un master avec un parcours en administration du spectacle vivant ou des entreprises culturelles, un diplôme d'école de commerce ou d'IEP.
bac + 3
Licence pro mention gestion de projets et structures artistiques et culturels
bac + 5
Diplôme arts et techniques du théâtre parcours administration du spectacle vivant
Master mention arts de la scène et du spectacle vivant
Master mention direction de projets ou établissements culturels
Emploi et secteur
Importance de l'expérience
Pour devenir administrateur ou administratrice, une connaissance des métiers techniques du spectacle est utile. Certains techniciens, assistants ou même artistes peuvent évoluer vers des fonctions administratives s'ils connaissent ou se forment aux techniques de gestion et de financement d'une production.
Un bon tremplin
Les administrateurs de spectacle expérimentés ont plusieurs possibilités pour évoluer dans le secteur du spectacle. Ils peuvent devenir directeurs de production ou directeurs administratifs, voir même diriger une structure, en commençant par une taille modeste pour démarrer.
Des contrats nombreux mais courts
Le nombre de festivals, compagnies et structures diverses augmente. Pourtant, le volume d'activité des professionnels du spectacle diminue : le nombre de contrats s'amplifie mais leur durée baisse (entre 4 et 5 jours en moyenne). Peu de structures ont les moyens d'employer un professionnel à l'année. D'où le nombre important d'intermittents du spectacle dans le métier qui offre cependant plus de débouchés que les métiers artistiques. Des agences spécialisés dans la production de spectacle ou l'événementiel offrent également des opportunités.
Secteur
Arts du spectacle
Salaire du débutant *
À partir de 1980 euros brut par mois, pour 151 heures de travail pour les administrateurs salariés.
* variable en fonction du lieu d'exercice, du statut.
Partager la page
Imprimer
Mail
LinkedIn
X
Facebook
Télécharger la page
Administrateur / Administratrice de spectacle
Pour aller plus loin
Sur le web
Site de la Commission paritaire nationale emploi-formation spectacle vivant
Informations sur le métier dans le secteur de la musique
Librairie
Parcours
Les métiers de la culture et du patrimoine
Paru le 15/09/2022
Broché •
12,00 €
PDF •
8,00 €
Parcours
Cinéma
Paru le 18/06/2025
Broché •
12,00 €
PDF •
8,00 €
Centres d'intérêt
J'aime bouger
J'aime jongler avec les chiffres
J'aime organiser, gérer
Autres métiers à découvrir
Accordeur de piano
Responsable de casting
Producteur
Disc-jockey
Chorégraphe
À lire aussi
Quiz
Quiz : Quels métiers selon mes goûts ?
Article
10 métiers à la Une
Article
Découvrir le monde professionnel
Site web
Les métiers animés",ok
,,"économie, droit, politique/droit public| économie, droit, politique/sciences économiques",,https://www.onisep.fr/http/redirection/metier/slug/MET.122,"Voir le fil d’Ariane
Accueil
Métier
Administrateur/trice de mission humanitaire
Administrateur / Administratrice
de mission humanitaire
C'est sur lui que repose l'équilibre financier d'une mission. Dans l'humanitaire comme ailleurs, l'administrateur tient les cordons de la bourse. À Port-au-Prince ou Islamabad, il s'adapte sans cesse au contexte, toujours difficile !
Sommaire
Le métier
Compétences requises
Où l'exercer ?
Les études
Emploi et secteur
Salaire du débutant
Pour aller plus loin
Niveau minimum d'accès :
bac + 4
Statuts :
Contrat de volontariat, Statut salarié
Secteur professionnel :
Social
Centres d'intérêt :
J'aime jongler avec les chiffres, J'aime les langues, J'aime organiser, gérer, Je rêve de travailler à l'étranger
© Alain Potignon/Onisep
Le métier
Gestion de l'urgence
L'administrateur est le bras droit financier du chef de mission humanitaire. À lui de préparer les budgets et les plans de trésorerie. Quand une organisation décide de mener une action et que le chef de mission a défini les objectifs concrets, il peut enfin intervenir. Il répartit les fonds sur les différents sites et entre les équipes. Il détermine comment, et à quel rythme, l'argent sera dépensé. La situation est instable ? Les priorités sont ajustées en accord avec le chef de mission. Comptable de l'urgence, l'administrateur peut gérer des budgets importants et des équipes de 300 à 500 personnes.
Comptabilité et formalités
Chaque jour, l'administrateur recrute et gère le personnel sur place, passe les contrats de location d'entrepôts ou de camions, suit les achats de matériels, paie les factures et les salaires. À lui aussi de régler les formalités administratives concernant les professionnels expatriés. L'administrateur tient la comptabilité, enregistre les dépenses et les recettes. Régulièrement, il rédige des rapports financiers à l'intention des contributeurs ou des mécènes et pour le siège de son organisation non gouvernementale (ONG).
Compétences requises
Réactif et rigoureux
Toutes les missions sont différentes. Dans certains pays, il faut se substituer aux banques ou aux financeurs de programmes d'urgence internationaux comme l'ONU. Dans d'autres cas, il faut gérer une surabondance de fonds financiers. Comme les informations de terrain font évoluer la mission en permanence, l'administrateur humanitaire doit savoir s'adapter, prendre des initiatives et des décisions, parfois à la hâte. Comme de tout comptable, on attend de lui honnêteté et rigueur dans la gestion des budgets.
Un pédagogue à l'écoute
Techniques de gestion, suivi de projet, logistique... L'administrateur prend souvent en charge la formation de ses assistants recrutés sur place - dits « locaux » jusqu'à ce qu'ils deviennent autonomes à leur tour. Écoute, patience, maîtrise de la langue et connaissance des pratiques culturelles sont autant d'atouts pour assurer ce rôle.
Où l'exercer ?
Sur le terrain ou au QG
L'administrateur travaille dans les zones sinistrées, les pays en guerre ou en crise. Il gère, dans des conditions souvent très précaires, un programme d'aide ou de développement mis en place par son ONG. Pendant sa mission, il peut se déplacer sur le terrain. En se rendant, par exemple, dans les centres de soins ou de distribution de nourriture, il voit concrètement si les moyens financiers sont bien utilisés.
Entouré d'assistants locaux
L'administrateur peut gérer, seul, un programme de petite taille. Le plus souvent, il encadre des assistants administratifs et financiers. Ce sont des « locaux » qu'il forme aux pratiques de gestion. Si la mission est implantée depuis longtemps dans un même pays, il est plus facile de déléguer le suivi administratif, les contacts avec les banques ou les autorités locales... Souvent, un administrateur général est basé dans la capitale du pays. Il sert alors d'appui aux logisticiens administrateurs qui interviennent sur les différents sites.
Les études
Après le bac
Ces volontaires sont choisis en priorité parmi des diplômés (souvent bac + 5) en gestion, commerce, finance, comptabilité, ou en formations humanitaires spécialisées... complétées par au moins 2 ans d'expérience professionnelle. Maîtrise de l'anglais et surtout sens de l'engagement sont indispensables !
bac + 5
Manager de la solidarité internationale et de l'action sociale
Master mention comptabilité, contrôle, audit
Master mention contrôle de gestion et audit organisationnel
Master mention finance
Master mention management et administration des entreprises
Emploi et secteur
Volontaire ou salarié
La plupart des ONG recrutent leur personnel expatrié sous statut de volontaire : c'est-à-dire qu'elles prennent en charge le transport, l'hébergement, les frais de vie sur place et la couverture sociale et versent une indemnité mensuelle de 800 à 900 euros. Quelques ONG offrent des contrats à durée déterminée (CDD) pour les postes d'administrateur, de coordinateur ou de chef de mission. À titre d'exemple, chez Médecins sans frontières, les administrateurs constituent 10 % des expatriés. Les candidatures étant nombreuses, la sélection est sévère.
Des évolutions variées
Les missions durent de 3 mois à 2 ans. Avec de l'expérience, les administrateurs peuvent devenir coordinateur ou chef de mission. À terme, certains humanitaires obtiennent un poste au siège, en gardant la possibilité de retourner sur le terrain. Quelques-uns se font recruter par les organisations internationales (Croix-Rouge, UNICEF). À la fin de leur mission sur le terrain ces volontaires internationaux retrouvent leur métier en France. Néanmoins, ceux qui sont partis longtemps, au-delà de 4 à 5 ans, ont plus de mal à se réinsérer.
Secteur
Social
Salaire du débutant
De 800 à 1700 euros brut par mois. Certains frais comme l'hébergement, le transport ou la nourriture peuvent être pris en charge.
Partager la page
Imprimer
Mail
LinkedIn
X
Facebook
Télécharger la page
Administrateur / Administratrice de mission humanitaire
Pour aller plus loin
Sur le web
Site de la coordination nationale des ONG françaises de solidarité internationale
Centres d'intérêt
J'aime jongler avec les chiffres
J'aime les langues
J'aime organiser, gérer
Autres métiers à découvrir
Credit manager (chef du crédit)
Assistant de gestion en pme
Inspecteur de l'action sanitaire et sociale
Ingénieur social
Directeur d'établissement ou de service d'intervention sociale
À lire aussi
Quiz
Quiz : Quels métiers selon mes goûts ?
Article
10 métiers à la Une
Article
Découvrir le monde professionnel
Site web
Les métiers animés",ok
